Student_ID,Age,Gender,Study_Hours_per_Week,Previous_Scores,Class_Participation,Attendance_Rate,Parental_Education_Level,Extra_Curricular_Activities,Internet_Access_at_Home,Socioeconomic_Status,Health_Issues,Previous_GPA,Peer_Influence,Time_Management_Skills,Family_Support,Stress_Level,Final_Performance
1,22,Female,27,84,88,72,Primary,No,Yes,Low,No,2.260706260086531,Positive,Poor,Moderate,High,Medium
2,19,Female,34,57,96,75,Secondary,Yes,Yes,Medium,No,2.407069747773793,Positive,Good,Weak,Medium,Low
3,23,Male,12,79,50,86,Secondary,No,Yes,Medium,No,3.5381222663194487,Negative,Poor,Moderate,Medium,Medium
4,20,Female,7,60,66,73,Secondary,No,Yes,Low,Yes,2.8510113185436854,Positive,Average,Weak,High,Low
5,22,Male,10,54,74,98,Higher,Yes,Yes,Medium,No,3.130831879505076,Positive,Average,Strong,High,Low
6,18,Male,17,72,99,68,Higher,No,Yes,High,Yes,2.0420183139727213,Negative,Good,Weak,Low,Low
7,22,Male,26,74,81,74,Higher,Yes,No,Low,No,2.068862617146629,Positive,Poor,Strong,High,Medium
8,23,Male,21,65,49,70,Secondary,No,Yes,Medium,No,2.891651099654032,Positive,Average,Strong,Low,Low
9,20,Male,28,47,74,61,Secondary,Yes,Yes,Medium,No,3.6333104864032473,Negative,Average,Weak,High,Low
10,19,Female,2,75,35,90,Secondary,No,Yes,High,No,3.7704777574151302,Neutral,Average,Strong,Medium,Low
11,23,Female,1,87,31,82,Primary,No,Yes,High,No,2.1734131351912804,Negative,Good,Weak,Low,Low
12,23,Female,36,69,36,99,Secondary,No,Yes,Medium,No,3.0767262042020453,Positive,Average,Weak,Low,Medium
13,18,Female,26,62,35,53,Higher,No,Yes,Medium,No,3.826459372558541,Positive,Average,Strong,Low,Low
14,21,Female,29,81,31,91,Higher,Yes,Yes,Medium,No,2.7759455087957727,Positive,Poor,Strong,High,High
15,20,Female,21,83,27,56,Primary,No,No,Medium,Yes,3.659131662856737,Negative,Poor,Moderate,Medium,Low
16,17,Male,11,53,22,71,Secondary,Yes,Yes,Low,No,2.2673913087988726,Positive,Average,Strong,Low,Low
17,23,Male,11,53,35,82,Higher,No,Yes,Low,No,3.8707889793355976,Positive,Average,Moderate,Low,Low
18,21,Male,36,41,49,66,Primary,No,Yes,Low,No,3.502846635062605,Negative,Poor,Strong,Low,Low
19,17,Male,39,94,42,73,Secondary,No,No,Medium,No,3.882668785573803,Neutral,Good,Weak,Low,Medium
20,20,Female,35,76,24,83,Higher,No,Yes,Low,No,3.353234467105013,Neutral,Good,Strong,Medium,Medium
21,16,Male,34,44,84,77,Secondary,No,Yes,High,No,2.7268078639988538,Positive,Good,Weak,High,Low
22,21,Female,24,77,49,92,Primary,No,No,Low,No,3.876362345049445,Negative,Good,Weak,Medium,Medium
23,24,Other,22,84,40,90,Secondary,No,Yes,Low,No,2.551133552618357,Positive,Good,Weak,Low,High
24,16,Female,5,80,89,88,Higher,No,No,Medium,No,2.664345044123465,Negative,Good,Moderate,Medium,Low
25,18,Male,33,93,41,71,Secondary,Yes,Yes,Medium,No,3.4016168360034804,Negative,Good,Strong,Low,Medium
26,22,Male,36,99,91,98,Primary,Yes,Yes,Low,No,3.5306325990507723,Neutral,Good,Weak,High,High
27,19,Female,20,86,51,66,Secondary,Yes,Yes,Medium,Yes,3.8588069676983077,Neutral,Poor,Weak,High,Low
28,24,Female,19,53,52,83,Secondary,No,Yes,High,Yes,2.409604818112419,Negative,Good,Moderate,High,Low
29,18,Male,35,95,35,55,Secondary,Yes,Yes,Low,No,3.595996070438448,Positive,Good,Strong,Low,Low
30,20,Female,17,78,95,95,Secondary,No,Yes,Medium,No,3.477092106793927,Neutral,Good,Strong,Medium,Medium
31,18,Male,34,64,57,55,Primary,Yes,Yes,High,No,2.127589112507196,Positive,Average,Moderate,High,Low
32,22,Male,9,59,33,83,Higher,Yes,Yes,Low,No,2.774446282420414,Neutral,Poor,Moderate,Low,Low
33,20,Male,26,41,55,50,Primary,No,No,Medium,No,2.565530914120197,Neutral,Poor,Strong,Low,Low
34,24,Male,2,78,42,59,Secondary,No,No,Medium,No,2.608980848708061,Positive,Poor,Moderate,Medium,Low
35,22,Other,9,45,85,70,Primary,Yes,Yes,Medium,No,3.9658937591094015,Neutral,Good,Strong,High,Low
36,17,Female,9,56,21,54,Secondary,No,No,Low,No,3.2855548269598556,Neutral,Good,Strong,Low,Low
37,19,Male,17,98,92,51,Secondary,Yes,Yes,Low,No,3.435352315586999,Positive,Average,Weak,Medium,Low
38,24,Female,1,64,84,71,Secondary,No,Yes,Medium,No,3.9532352746300186,Neutral,Poor,Weak,High,Low
39,17,Female,25,96,94,97,Primary,No,Yes,Low,No,2.754403564915277,Neutral,Good,Strong,Medium,High
40,24,Female,25,67,86,51,Secondary,Yes,Yes,Medium,No,3.6036803369056116,Neutral,Poor,Strong,Medium,Low
41,20,Male,39,41,71,59,Primary,No,Yes,Medium,No,2.8690619266089907,Positive,Average,Strong,Low,Low
42,17,Male,35,74,81,83,Secondary,No,Yes,Medium,No,3.7390673436299595,Negative,Average,Strong,Low,Medium
43,19,Male,3,76,42,65,Higher,No,Yes,High,No,2.3613150826226064,Positive,Average,Strong,Low,Low
44,22,Male,37,44,45,97,Secondary,Yes,Yes,Medium,No,3.8953723541285594,Negative,Poor,Strong,Medium,Low
45,23,Male,30,40,87,88,Secondary,Yes,Yes,Low,No,2.437543416821759,Neutral,Good,Moderate,Low,Low
46,18,Female,38,79,74,71,Secondary,No,No,High,No,2.6524410139618633,Negative,Good,Strong,Medium,Medium
47,16,Male,34,51,25,61,Primary,Yes,Yes,Low,No,3.512384468213561,Positive,Average,Moderate,Medium,Low
48,19,Male,12,95,54,73,Secondary,No,No,Low,No,2.787510283130813,Positive,Good,Moderate,Low,Medium
49,17,Male,19,75,41,96,Secondary,No,No,Medium,No,3.2164227535328935,Neutral,Average,Strong,High,Medium
50,23,Male,37,84,62,89,Secondary,No,No,Medium,No,2.889147002138857,Negative,Poor,Strong,High,High
51,19,Male,17,62,34,87,Primary,Yes,No,Medium,Yes,3.4847398741795637,Neutral,Average,Moderate,High,Medium
52,17,Male,10,86,79,59,Higher,Yes,No,Low,No,2.4566625047372215,Neutral,Poor,Moderate,Medium,Low
53,21,Male,12,70,31,84,Secondary,No,Yes,Medium,No,2.116915974473754,Positive,Average,Strong,Medium,Medium
54,21,Male,16,50,68,98,Higher,Yes,Yes,Low,Yes,2.5998587949461323,Negative,Good,Strong,Medium,Low
55,19,Male,24,49,61,81,Secondary,Yes,Yes,High,No,2.9486173297368605,Negative,Good,Moderate,Low,Low
56,21,Female,19,42,57,56,Secondary,Yes,Yes,Low,Yes,2.336040104385357,Negative,Average,Moderate,Medium,Low
57,17,Male,8,93,64,70,Primary,No,Yes,High,No,2.7095945793127774,Negative,Good,Moderate,Low,Low
58,17,Male,31,53,54,69,Primary,No,Yes,Medium,No,2.7999660365871373,Neutral,Good,Weak,Low,Low
59,19,Male,21,55,49,75,Higher,Yes,No,High,No,2.114783687376547,Neutral,Good,Moderate,High,Low
60,23,Female,17,49,49,53,Primary,Yes,No,Medium,Yes,3.166614496368409,Positive,Poor,Weak,High,Low
61,22,Male,23,68,97,95,Higher,Yes,No,Medium,No,3.7686868559425752,Neutral,Good,Strong,High,Medium
62,24,Female,37,49,25,71,Secondary,No,Yes,Medium,No,2.3034858259061046,Neutral,Poor,Strong,Low,Low
63,23,Female,16,51,86,64,Primary,No,Yes,Low,No,3.195616026803028,Positive,Average,Moderate,Low,Low
64,20,Male,6,69,99,89,Primary,No,Yes,Low,No,3.3294784098216925,Positive,Good,Strong,Low,Low
65,17,Female,8,80,26,70,Primary,No,Yes,High,No,2.8386693608385767,Positive,Good,Strong,Medium,Low
66,20,Female,25,40,71,64,Higher,No,Yes,High,Yes,3.40219517472854,Neutral,Good,Strong,Low,Low
67,23,Male,18,44,33,71,Secondary,No,Yes,Medium,No,2.821463086982024,Neutral,Average,Strong,High,Low
68,24,Male,25,59,92,77,Secondary,No,No,Low,Yes,3.00927457595487,Positive,Poor,Weak,High,Low
69,24,Female,12,47,34,63,Secondary,Yes,Yes,Medium,No,2.014706089108854,Positive,Poor,Weak,Low,Low
70,16,Female,15,82,40,76,Primary,Yes,Yes,Medium,No,3.383440228269378,Positive,Good,Moderate,Low,Medium
71,24,Other,26,51,54,90,Secondary,Yes,Yes,Medium,No,3.3226853578894486,Neutral,Average,Moderate,High,Low
72,22,Male,26,40,85,89,Primary,Yes,Yes,Medium,No,2.0768017546526893,Neutral,Average,Moderate,Low,Low
73,24,Female,32,96,21,77,Higher,No,Yes,High,No,2.736500214790266,Negative,Average,Strong,High,Medium
74,23,Male,10,93,54,75,Secondary,No,No,Low,No,3.9580636815833348,Neutral,Average,Strong,Medium,Low
75,16,Female,16,59,97,98,Secondary,Yes,Yes,Medium,Yes,2.8414731251372336,Neutral,Average,Weak,High,Low
76,23,Female,7,67,39,51,Secondary,No,Yes,Medium,No,3.0038908102636834,Neutral,Poor,Weak,Medium,Low
77,23,Male,17,96,29,74,Secondary,No,Yes,Medium,No,3.819860316319437,Positive,Poor,Moderate,Low,Medium
78,18,Male,23,82,44,52,Higher,Yes,Yes,Low,No,3.434523751731513,Neutral,Poor,Weak,Low,Low
79,16,Male,26,76,85,57,Secondary,Yes,Yes,Low,No,3.164140262248447,Positive,Good,Weak,Medium,Low
80,23,Male,21,86,44,93,Primary,No,Yes,High,No,3.5956093626821453,Negative,Average,Weak,Low,High
81,18,Male,22,76,73,82,Secondary,No,Yes,Medium,No,3.7287325329119465,Negative,Good,Weak,Medium,Medium
82,18,Female,7,51,52,91,Primary,Yes,Yes,Medium,No,2.913776143474534,Positive,Average,Weak,Low,Low
83,16,Female,14,76,55,84,Primary,Yes,Yes,High,No,2.950216729863671,Positive,Poor,Moderate,High,Medium
84,20,Female,15,88,33,55,Higher,No,Yes,Medium,No,2.7721018713036716,Positive,Good,Moderate,Low,Low
85,22,Female,7,88,84,88,Secondary,Yes,No,Low,No,3.9334122800369213,Neutral,Poor,Weak,High,Low
86,24,Female,9,95,99,72,Higher,No,Yes,Medium,No,3.3943325085807006,Negative,Average,Moderate,High,Low
87,22,Female,8,83,73,74,Secondary,No,Yes,Medium,No,2.1664461324161444,Positive,Average,Strong,Medium,Low
88,24,Female,23,95,71,99,Secondary,Yes,Yes,Medium,No,3.725919246626037,Neutral,Average,Weak,Low,High
89,23,Male,29,67,22,92,Primary,No,Yes,Medium,No,2.961119881672536,Negative,Poor,Strong,Medium,Medium
90,17,Male,18,86,60,68,Primary,No,Yes,Medium,No,2.1375078128449747,Neutral,Average,Moderate,Low,Low
91,16,Male,31,54,25,54,Higher,Yes,Yes,Medium,No,3.0994345103266223,Negative,Poor,Moderate,High,Low
92,22,Male,30,45,44,60,Secondary,No,Yes,High,No,2.8343285579514044,Neutral,Good,Strong,High,Low
93,22,Male,39,83,32,61,Higher,No,No,Low,No,3.7554988097252497,Negative,Average,Moderate,Low,Low
94,23,Male,35,98,27,59,Secondary,No,Yes,Low,Yes,2.4079892072187747,Negative,Average,Weak,Low,Low
95,20,Female,18,59,40,57,Primary,Yes,No,Medium,No,3.652929218984366,Neutral,Average,Strong,Medium,Low
96,18,Female,39,89,87,73,Secondary,No,Yes,Low,No,3.1153773823709052,Positive,Good,Weak,Low,Medium
97,23,Male,17,53,44,77,Secondary,No,No,Low,No,2.109220606426938,Negative,Average,Strong,Low,Low
98,21,Male,14,41,98,90,Primary,Yes,No,High,No,3.9436906026509693,Positive,Poor,Moderate,Low,Low
99,18,Male,31,48,87,85,Higher,Yes,Yes,High,No,3.0252304882064,Neutral,Poor,Strong,Medium,Low
100,16,Female,24,76,64,86,Secondary,Yes,No,Medium,No,2.581753708463165,Positive,Average,Strong,Low,Medium
101,18,Male,35,59,79,70,Primary,No,Yes,Low,Yes,2.938813683978516,Positive,Average,Weak,High,Low
102,20,Female,34,65,31,57,Secondary,Yes,No,Low,No,3.715715567034978,Positive,Good,Moderate,Medium,Low
103,18,Male,3,68,51,58,Higher,Yes,Yes,Low,No,2.609806248770127,Positive,Good,Weak,Medium,Low
104,16,Female,37,40,32,96,Primary,No,Yes,Low,No,2.385352792973401,Positive,Good,Moderate,High,Low
105,20,Other,26,94,50,64,Higher,Yes,Yes,High,No,2.258142493861763,Negative,Average,Weak,High,Low
106,22,Male,23,74,97,97,Primary,Yes,No,Low,No,2.5957187967804227,Negative,Good,Strong,High,Medium
107,22,Female,39,45,39,95,Secondary,Yes,Yes,Medium,No,3.560096174080087,Negative,Good,Weak,Low,Low
108,24,Female,15,76,37,89,Secondary,Yes,Yes,Low,No,2.9432527303905234,Neutral,Poor,Moderate,High,Medium
109,18,Female,4,92,79,67,Secondary,Yes,Yes,High,No,2.45496320738708,Positive,Good,Moderate,Low,Low
110,22,Male,29,98,82,91,Secondary,No,No,Medium,Yes,2.332369999219498,Negative,Poor,Strong,Medium,High
111,16,Female,22,44,25,69,Secondary,Yes,Yes,High,No,2.6654589530207584,Neutral,Poor,Moderate,Medium,Low
112,19,Female,25,72,51,55,Secondary,Yes,Yes,Medium,No,3.879848745771418,Negative,Good,Weak,High,Low
113,19,Female,13,88,62,61,Secondary,No,Yes,Medium,No,2.6860534251800487,Negative,Poor,Strong,Low,Low
114,20,Female,18,90,21,51,Primary,No,Yes,Low,Yes,3.976248151909271,Positive,Average,Moderate,High,Low
115,22,Female,33,53,79,56,Higher,No,Yes,Medium,No,2.9704609115307123,Neutral,Average,Moderate,High,Low
116,22,Other,16,51,42,65,Secondary,No,No,Medium,No,2.358327836580302,Positive,Good,Weak,Low,Low
117,19,Female,2,81,50,52,Higher,Yes,Yes,Medium,No,3.7822801835870186,Positive,Average,Weak,High,Low
118,22,Female,35,59,24,94,Primary,No,Yes,Low,No,2.9207107462696538,Negative,Poor,Strong,Medium,Low
119,18,Female,34,92,53,52,Secondary,No,Yes,Low,No,3.419342687009049,Positive,Average,Moderate,High,Low
120,21,Male,30,89,29,76,Secondary,Yes,Yes,Medium,No,3.9674231664183033,Neutral,Good,Weak,Low,Medium
121,17,Female,13,63,21,99,Secondary,No,Yes,Medium,No,2.100350700639948,Positive,Good,Strong,Low,Medium
122,24,Female,13,98,30,92,Secondary,Yes,Yes,Medium,No,2.1933891195751345,Positive,Poor,Moderate,Medium,Medium
123,20,Male,18,82,69,89,Primary,No,Yes,Low,No,3.440913482925512,Positive,Good,Moderate,Low,High
124,21,Female,32,73,50,87,Secondary,Yes,No,Medium,No,2.5636500065909438,Negative,Average,Strong,Low,Medium
125,19,Male,32,64,75,82,Secondary,No,Yes,Low,No,2.368602793900198,Neutral,Good,Strong,Medium,Medium
126,22,Female,35,89,98,77,Primary,No,No,Low,No,2.078723759639459,Negative,Poor,Weak,High,Medium
127,24,Female,39,68,92,50,Secondary,No,No,Medium,No,2.0436934239724036,Negative,Good,Moderate,Medium,Low
128,22,Female,29,96,28,57,Secondary,Yes,Yes,Low,No,3.5489712062395817,Negative,Average,Moderate,High,Low
129,16,Male,29,78,40,86,Primary,No,No,Low,No,2.2688668547391,Negative,Poor,Moderate,Medium,Medium
130,16,Female,16,70,92,81,Higher,No,Yes,Medium,No,2.9354412319423018,Negative,Average,Strong,High,Medium
131,24,Female,10,95,47,97,Higher,No,Yes,Low,No,3.211793630358966,Neutral,Poor,Weak,Medium,Low
132,24,Male,30,86,81,92,Secondary,No,Yes,Low,Yes,2.8567036011376925,Positive,Good,Moderate,High,High
133,19,Male,25,82,26,86,Primary,No,Yes,Low,No,2.054213304672466,Negative,Poor,Strong,Medium,High
134,24,Female,39,89,99,53,Secondary,No,Yes,Low,No,3.5670030051758177,Negative,Poor,Moderate,High,Low
135,18,Male,20,62,35,79,Secondary,Yes,Yes,Low,No,2.021026449083307,Neutral,Good,Weak,Medium,Medium
136,22,Male,5,83,23,55,Secondary,No,Yes,Medium,Yes,3.5237797887549682,Neutral,Average,Moderate,Low,Low
137,21,Female,1,77,23,95,Secondary,Yes,Yes,Low,No,3.7866089875762454,Positive,Good,Weak,High,Low
138,23,Male,30,59,59,68,Secondary,No,No,Low,No,2.8656798421143446,Neutral,Poor,Weak,Medium,Low
139,24,Female,3,62,36,81,Secondary,No,Yes,Medium,No,3.0710849461955965,Positive,Good,Moderate,High,Low
140,20,Male,14,84,71,58,Secondary,No,Yes,Medium,No,2.9539667852353073,Negative,Poor,Moderate,High,Low
141,16,Female,30,91,71,61,Secondary,Yes,Yes,High,No,2.7784172372468774,Negative,Good,Weak,Medium,Low
142,18,Male,4,55,55,60,Higher,No,Yes,Medium,No,3.7748490707407205,Positive,Good,Strong,High,Low
143,23,Female,18,89,57,95,Secondary,No,Yes,Medium,No,3.7878670213399808,Neutral,Average,Weak,Medium,High
144,21,Male,37,81,69,65,Secondary,No,No,Medium,No,2.6716327292830693,Positive,Poor,Moderate,Low,Low
145,23,Female,25,99,82,50,Higher,No,Yes,Medium,No,3.2301395080293958,Neutral,Average,Moderate,High,Low
146,24,Male,1,94,82,94,Secondary,Yes,Yes,Medium,No,3.853815124291728,Negative,Poor,Strong,Low,Low
147,19,Female,15,47,81,70,Secondary,No,No,Low,Yes,3.9241169978827033,Neutral,Good,Weak,High,Low
148,16,Female,9,89,26,79,Secondary,No,No,Low,No,3.017918080844095,Positive,Poor,Weak,High,Low
149,16,Other,15,60,46,62,Secondary,Yes,Yes,Low,No,2.905649610568654,Positive,Average,Weak,High,Low
150,19,Female,24,40,33,83,Higher,Yes,Yes,High,No,2.5573886318570516,Negative,Average,Moderate,Medium,Low
151,22,Male,4,94,90,53,Secondary,No,Yes,Medium,No,3.91774374638082,Neutral,Average,Weak,Low,Low
152,17,Female,12,47,24,77,Higher,No,Yes,Medium,No,2.2856286089457347,Neutral,Poor,Strong,High,Low
153,18,Male,37,68,74,87,Primary,No,Yes,Medium,No,3.15965915209545,Neutral,Average,Moderate,Medium,Medium
154,16,Male,37,71,21,80,Primary,No,Yes,Medium,Yes,2.5651005350372778,Negative,Average,Moderate,High,Medium
155,20,Male,6,77,81,76,Secondary,Yes,No,Low,No,2.5580165806955932,Neutral,Average,Weak,Medium,Low
156,16,Female,39,44,40,54,Primary,Yes,Yes,Low,No,2.8099371747523767,Positive,Good,Strong,High,Low
157,23,Female,24,86,98,74,Primary,Yes,Yes,High,No,3.9975858716313093,Neutral,Good,Moderate,Low,Medium
158,16,Male,11,61,40,52,Secondary,Yes,Yes,Medium,No,2.109932613679644,Negative,Poor,Moderate,Low,Low
159,16,Female,13,86,29,82,Primary,Yes,Yes,Medium,Yes,3.157083636407063,Neutral,Poor,Weak,High,Medium
160,17,Male,34,73,77,53,Primary,Yes,Yes,High,Yes,2.1651443160705544,Neutral,Average,Weak,Medium,Low
161,17,Male,25,40,58,74,Higher,No,Yes,Low,No,2.309041659981038,Positive,Good,Strong,High,Low
162,21,Male,7,94,24,69,Primary,No,No,High,No,2.8791258835457976,Neutral,Average,Weak,Medium,Low
163,22,Male,4,94,84,83,Secondary,No,Yes,Medium,No,3.020920262692883,Positive,Average,Strong,High,Low
164,20,Female,8,65,32,75,Secondary,No,Yes,Medium,No,2.517584816729048,Positive,Good,Moderate,Medium,Low
165,16,Female,20,82,72,54,Higher,No,Yes,Medium,No,2.6329142617488324,Negative,Good,Strong,Low,Low
166,16,Female,29,49,64,84,Primary,Yes,Yes,Low,No,2.173934040511866,Positive,Good,Strong,High,Low
167,18,Male,10,69,51,77,Higher,Yes,Yes,Low,No,2.606439567688501,Positive,Poor,Strong,Low,Low
168,17,Male,34,89,55,78,Secondary,Yes,Yes,Medium,No,3.933116878761088,Negative,Poor,Moderate,Low,Medium
169,20,Male,26,57,79,58,Secondary,Yes,Yes,High,No,3.8894147633449636,Positive,Average,Weak,High,Low
170,21,Female,3,56,30,87,Secondary,No,No,Medium,No,2.66975658027397,Negative,Poor,Moderate,High,Low
171,22,Male,6,65,82,99,Higher,Yes,Yes,Low,No,3.1417078725575234,Neutral,Good,Weak,Medium,Low
172,19,Female,5,47,40,55,Secondary,Yes,Yes,Medium,No,3.819190782221889,Negative,Good,Strong,Medium,Low
173,22,Other,5,86,71,68,Secondary,Yes,Yes,Low,No,2.0123676452817936,Positive,Poor,Strong,Low,Low
174,23,Female,23,79,74,93,Secondary,No,No,Low,No,3.6213671406751837,Negative,Average,Strong,Medium,Medium
175,16,Female,9,88,45,60,Secondary,No,Yes,Medium,No,3.896739105577838,Positive,Average,Strong,Medium,Low
176,21,Male,35,51,87,51,Higher,No,Yes,Medium,No,2.182651468667114,Neutral,Poor,Strong,High,Low
177,23,Female,20,66,53,96,Primary,Yes,Yes,Low,No,2.322895372065842,Negative,Average,Weak,Medium,Medium
178,20,Female,35,47,71,93,Higher,No,Yes,Low,No,3.921492605542711,Neutral,Average,Weak,Low,Low
179,19,Female,18,64,71,93,Primary,No,Yes,High,No,3.0750802872806924,Positive,Average,Strong,Medium,Medium
180,17,Male,17,85,48,58,Primary,No,Yes,Low,No,2.0283932689434474,Positive,Good,Moderate,Low,Low
181,21,Male,24,43,57,70,Primary,No,Yes,Medium,No,2.5152639975270583,Neutral,Good,Moderate,High,Low
182,21,Male,3,72,61,73,Secondary,Yes,Yes,Medium,No,2.8998873485377192,Negative,Poor,Strong,Low,Low
183,16,Female,32,40,40,83,Secondary,No,No,Low,No,3.3858178220495354,Negative,Good,Weak,Medium,Low
184,24,Female,35,58,61,71,Primary,No,Yes,Low,Yes,3.466320756273599,Positive,Average,Moderate,High,Low
185,21,Female,38,70,32,52,Primary,Yes,Yes,Medium,No,3.9908430258509124,Neutral,Good,Moderate,Medium,Low
186,18,Male,13,55,83,61,Higher,No,Yes,Medium,No,2.5750223987675183,Neutral,Poor,Moderate,High,Low
187,19,Female,25,53,36,77,Higher,No,No,Medium,No,3.0764402037369507,Negative,Good,Strong,High,Low
188,19,Male,9,92,28,79,Higher,Yes,Yes,Medium,No,3.06664709571921,Negative,Average,Moderate,Medium,Low
189,18,Male,4,87,60,75,Higher,No,No,High,No,2.811290518894475,Negative,Average,Moderate,Medium,Low
190,18,Male,14,44,20,97,Secondary,No,Yes,Medium,No,2.3383237876848404,Neutral,Poor,Moderate,High,Low
191,18,Female,37,80,21,70,Primary,No,Yes,Medium,Yes,3.954913126367685,Negative,Good,Moderate,High,Low
192,19,Male,34,65,79,77,Secondary,Yes,No,Medium,No,3.706634373333172,Negative,Good,Weak,Medium,Medium
193,22,Female,11,67,67,75,Secondary,No,Yes,Medium,No,2.9966660565884746,Positive,Good,Strong,Low,Medium
194,19,Female,3,41,48,82,Primary,Yes,Yes,Medium,No,3.2064908453680596,Negative,Average,Strong,Medium,Low
195,24,Male,28,89,29,70,Secondary,No,No,Medium,No,2.454522107119325,Negative,Poor,Weak,High,Low
196,16,Female,29,45,77,84,Primary,Yes,Yes,Medium,No,3.087574140783494,Neutral,Good,Weak,Medium,Low
197,23,Male,9,48,79,83,Secondary,No,Yes,Low,No,3.3899402662429514,Neutral,Average,Strong,Low,Low
198,22,Male,3,72,40,90,Secondary,No,Yes,Medium,No,3.0303340567731776,Positive,Average,Moderate,Medium,Low
199,17,Male,25,80,47,96,Secondary,No,Yes,Low,No,3.9805703411698827,Negative,Average,Moderate,High,Medium
200,23,Male,34,64,94,67,Secondary,No,Yes,Low,No,3.2226833124954526,Positive,Good,Strong,Medium,Low
201,16,Female,12,87,53,60,Secondary,No,Yes,Low,No,2.741947425184338,Neutral,Good,Moderate,High,Low
202,24,Male,9,52,27,72,Primary,No,Yes,Medium,No,3.5443040552316765,Positive,Good,Weak,High,Low
203,24,Female,15,48,78,97,Primary,Yes,Yes,Medium,No,2.340925023163284,Neutral,Good,Moderate,Medium,Low
204,17,Female,25,92,91,71,Higher,No,Yes,Low,No,2.769031627412533,Positive,Good,Moderate,High,Medium
205,22,Female,5,52,68,66,Secondary,Yes,No,Medium,No,2.6939179007551717,Positive,Good,Moderate,High,Low
206,18,Female,11,70,98,54,Primary,No,Yes,Medium,Yes,2.8636141902155545,Negative,Good,Strong,Low,Low
207,22,Female,34,80,36,93,Higher,Yes,No,Low,No,3.5635596518574526,Positive,Good,Weak,Low,Medium
208,24,Male,24,50,79,60,Primary,No,Yes,Medium,No,2.968346064326815,Negative,Good,Moderate,Low,Low
209,19,Male,15,43,64,79,Secondary,No,Yes,Medium,No,3.5880289005319255,Negative,Average,Strong,Low,Low
210,16,Female,38,73,88,64,Primary,No,Yes,Medium,No,3.152977806279732,Negative,Good,Moderate,High,Low
211,17,Female,8,77,51,76,Secondary,Yes,Yes,Medium,No,2.6841388693151105,Negative,Poor,Weak,Medium,Low
212,16,Male,5,85,63,84,Secondary,No,Yes,Medium,Yes,3.619957487366945,Positive,Average,Moderate,High,Low
213,20,Female,26,43,84,82,Primary,No,Yes,Low,No,2.4765793411061834,Neutral,Good,Weak,High,Low
214,20,Male,18,77,27,69,Higher,No,Yes,Low,Yes,2.4487659595995908,Neutral,Poor,Moderate,High,Low
215,22,Female,6,58,96,65,Secondary,Yes,No,Low,No,3.0090058481096715,Neutral,Good,Weak,Medium,Low
216,24,Male,37,45,91,83,Primary,No,Yes,High,Yes,2.5216984919241776,Positive,Poor,Moderate,Low,Low
217,24,Male,13,73,62,51,Primary,No,Yes,Low,No,2.0181740699024324,Negative,Poor,Weak,High,Low
218,18,Male,28,57,20,84,Primary,No,Yes,Low,No,3.296595054597603,Neutral,Poor,Moderate,High,Low
219,18,Female,5,52,70,89,Primary,No,Yes,High,No,3.022187642944796,Positive,Poor,Moderate,Low,Low
220,18,Female,13,80,43,77,Secondary,No,Yes,High,No,2.891035628986322,Negative,Average,Strong,High,Medium
221,19,Male,17,62,43,96,Higher,Yes,Yes,Medium,Yes,3.9339370292366307,Neutral,Average,Strong,Medium,Medium
222,23,Female,32,58,36,88,Secondary,Yes,No,Low,No,3.1423983679258276,Negative,Poor,Weak,High,Low
223,21,Male,29,84,24,55,Primary,Yes,Yes,Low,No,3.7268631555787692,Neutral,Good,Moderate,High,Low
224,23,Female,3,50,39,58,Primary,Yes,Yes,Medium,No,2.2789004724103203,Neutral,Poor,Weak,Low,Low
225,16,Male,34,40,40,69,Primary,No,Yes,Low,No,3.138412926258855,Neutral,Average,Strong,High,Low
226,23,Male,27,63,77,50,Secondary,No,Yes,Low,No,3.7359592534618056,Negative,Good,Weak,High,Low
227,19,Female,13,93,50,57,Secondary,Yes,Yes,Medium,Yes,3.166211514559796,Positive,Average,Weak,Medium,Low
228,16,Other,33,46,30,72,Primary,No,Yes,High,No,3.436028356254003,Negative,Average,Strong,Low,Low
229,23,Female,6,64,71,52,Secondary,Yes,Yes,Medium,No,2.7440871356244148,Neutral,Good,Moderate,Low,Low
230,19,Female,24,60,34,53,Higher,No,Yes,Medium,No,2.1848990340741334,Negative,Poor,Weak,Medium,Low
231,21,Female,19,54,26,74,Secondary,No,Yes,Medium,No,2.915800590254143,Positive,Poor,Strong,High,Low
232,23,Male,16,40,47,96,Higher,Yes,Yes,Low,No,2.788958781677715,Negative,Poor,Moderate,Low,Low
233,19,Other,28,51,70,87,Secondary,Yes,Yes,Medium,No,3.734120364757895,Positive,Poor,Strong,Low,Low
234,18,Female,33,97,77,64,Secondary,No,Yes,Low,Yes,2.4879906047049447,Positive,Good,Weak,High,Low
235,24,Female,13,46,24,70,Secondary,Yes,Yes,Low,No,3.933468455070216,Negative,Good,Moderate,High,Low
236,18,Female,25,54,24,84,Secondary,No,No,Medium,No,3.916276239608992,Neutral,Good,Moderate,Low,Low
237,24,Female,36,60,27,95,Primary,No,No,Low,No,2.4952632861428774,Positive,Average,Strong,High,Low
238,17,Female,27,58,83,63,Secondary,No,No,High,No,2.696103910954641,Negative,Good,Strong,Low,Low
239,17,Male,38,99,29,85,Primary,Yes,Yes,Low,No,3.79111148174777,Positive,Poor,Strong,High,Medium
240,17,Female,7,68,57,61,Secondary,No,Yes,Medium,No,3.933244441792215,Neutral,Average,Moderate,High,Low
241,21,Male,5,64,27,66,Primary,No,Yes,Medium,No,2.886878205672088,Negative,Poor,Moderate,Medium,Low
242,18,Other,31,72,44,88,Higher,No,No,Low,No,2.641994091281796,Negative,Poor,Weak,High,Medium
243,24,Female,23,88,92,58,Secondary,Yes,Yes,Low,No,3.0521880265030843,Negative,Good,Moderate,Medium,Low
244,19,Male,10,71,85,84,Secondary,No,No,Medium,No,3.3755384127314696,Neutral,Good,Weak,High,Low
245,16,Female,32,88,98,62,Primary,No,No,High,No,2.5469490307499596,Positive,Poor,Strong,Low,Low
246,19,Female,30,74,69,64,Higher,No,Yes,High,Yes,3.4729463492381454,Negative,Poor,Strong,Low,Low
247,16,Female,39,83,86,67,Higher,Yes,Yes,Medium,No,2.103314714229282,Positive,Average,Moderate,High,Low
248,20,Female,31,77,68,82,Secondary,No,Yes,Medium,No,2.098588985528833,Positive,Good,Strong,High,Medium
249,19,Male,18,65,55,55,Primary,Yes,No,Medium,No,2.7725754102910907,Neutral,Average,Strong,Low,Low
250,23,Female,36,50,87,76,Secondary,No,Yes,Medium,No,2.706946384121441,Negative,Average,Moderate,High,Low
251,23,Female,2,74,97,72,Primary,No,No,Medium,No,2.6312664307343043,Positive,Average,Weak,Medium,Low
252,22,Male,14,47,60,76,Primary,No,Yes,Medium,No,2.98203952533782,Negative,Poor,Moderate,Medium,Low
253,18,Female,13,85,81,83,Secondary,No,Yes,High,No,2.6414671646231422,Negative,Average,Weak,Medium,Medium
254,16,Male,29,53,29,95,Secondary,No,No,Medium,No,2.384515836936184,Neutral,Average,Moderate,Medium,Low
255,16,Male,12,49,40,87,Secondary,No,Yes,High,No,2.6189390981772016,Negative,Poor,Moderate,Medium,Low
256,18,Female,39,41,55,63,Higher,Yes,Yes,Medium,No,3.9498085456204697,Negative,Good,Strong,High,Low
257,21,Female,2,85,31,85,Secondary,No,Yes,Low,Yes,2.8222268339896974,Positive,Good,Moderate,High,Low
258,22,Male,32,48,21,57,Secondary,No,Yes,Low,No,2.8894255537166718,Neutral,Average,Moderate,Medium,Low
259,21,Female,13,42,32,84,Secondary,No,Yes,Medium,No,3.15308997990228,Negative,Poor,Weak,High,Low
260,21,Male,27,60,72,68,Higher,Yes,Yes,Medium,No,3.966681536828453,Positive,Good,Strong,High,Low
261,21,Male,17,65,51,79,Primary,No,No,High,No,2.483202552871526,Neutral,Average,Weak,Medium,Medium
262,18,Male,31,47,35,63,Higher,No,No,Low,Yes,3.3625642210648676,Neutral,Average,Weak,High,Low
263,21,Male,34,87,51,69,Higher,Yes,Yes,High,No,3.4319693870834485,Positive,Poor,Strong,High,Low
264,23,Male,24,41,51,98,Primary,No,Yes,High,No,3.214648833586132,Positive,Average,Strong,High,Low
265,17,Female,35,45,30,74,Secondary,Yes,Yes,Low,No,2.1771566792732884,Positive,Good,Strong,Medium,Low
266,20,Female,6,67,29,89,Higher,Yes,Yes,High,No,3.353744551655153,Positive,Poor,Moderate,High,Low
267,16,Male,19,92,34,73,Secondary,Yes,No,High,No,2.128189422072351,Positive,Good,Strong,Low,Medium
268,16,Female,30,68,36,63,Higher,Yes,Yes,Medium,No,3.192285299099794,Negative,Good,Strong,Low,Low
269,20,Female,7,65,59,75,Higher,No,Yes,Medium,No,3.4791623544434853,Negative,Good,Strong,Medium,Low
270,18,Male,10,64,37,87,Secondary,Yes,Yes,High,No,2.421939781239901,Neutral,Average,Weak,Low,Low
271,19,Female,32,51,74,72,Secondary,No,Yes,Medium,Yes,3.683244015085548,Negative,Average,Weak,Medium,Low
272,18,Other,34,44,92,71,Higher,Yes,Yes,Medium,No,2.0607076110660083,Negative,Good,Moderate,Low,Low
273,16,Male,28,73,44,97,Secondary,No,Yes,High,No,3.687625727316612,Negative,Good,Weak,Low,Medium
274,16,Male,15,87,78,68,Primary,No,Yes,Medium,Yes,2.92065810128553,Positive,Poor,Moderate,Low,Low
275,20,Female,30,76,97,95,Primary,Yes,Yes,Medium,No,2.435175879863289,Neutral,Poor,Weak,Medium,Medium
276,21,Female,37,54,41,52,Secondary,Yes,Yes,Low,No,2.267556289987936,Neutral,Average,Strong,Medium,Low
277,18,Male,29,83,49,91,Higher,No,Yes,Medium,No,3.906614335164745,Neutral,Average,Weak,High,High
278,24,Female,22,75,63,68,Higher,Yes,Yes,Low,No,2.1453311751623136,Neutral,Poor,Moderate,Medium,Low
279,20,Female,4,54,51,58,Secondary,No,Yes,High,Yes,2.398186839871851,Negative,Good,Weak,Low,Low
280,23,Female,20,82,70,77,Primary,Yes,Yes,Medium,No,2.695644694866092,Negative,Average,Strong,Low,Medium
281,16,Female,32,87,65,69,Primary,No,Yes,Low,Yes,3.240469697922241,Positive,Good,Moderate,Medium,Low
282,20,Female,36,62,40,94,Higher,Yes,Yes,Medium,No,3.0896021705521965,Neutral,Poor,Strong,Medium,Medium
283,18,Male,4,45,51,56,Primary,No,Yes,Low,Yes,2.251286984824628,Negative,Average,Strong,Medium,Low
284,16,Male,27,85,58,63,Primary,Yes,No,Medium,No,2.579455967476429,Negative,Average,Moderate,High,Low
285,19,Female,17,89,31,58,Primary,No,No,High,No,2.477503542172048,Positive,Poor,Strong,Low,Low
286,20,Female,12,83,66,68,Secondary,Yes,Yes,High,No,2.427085708980683,Positive,Average,Strong,High,Low
287,22,Male,22,98,37,96,Higher,No,No,Low,No,2.8222886729599743,Positive,Poor,Weak,High,High
288,16,Female,17,82,40,63,Primary,No,Yes,Low,No,3.408062905183314,Negative,Average,Strong,Low,Low
289,18,Female,10,84,32,87,Secondary,Yes,Yes,High,No,2.434905864434472,Negative,Poor,Strong,Low,Low
290,17,Male,1,60,40,85,Secondary,No,Yes,High,No,2.733357759405963,Positive,Average,Strong,Medium,Low
291,24,Female,22,62,27,89,Higher,Yes,Yes,Medium,No,2.7818348536823247,Neutral,Good,Strong,Medium,Medium
292,21,Female,26,82,65,66,Primary,No,Yes,Medium,No,3.9529130588708203,Positive,Good,Moderate,High,Low
293,18,Female,18,94,26,79,Secondary,No,Yes,Medium,Yes,3.909332713758138,Positive,Good,Weak,Medium,Medium
294,23,Female,14,55,42,58,Secondary,No,Yes,High,No,3.6002751655041516,Positive,Average,Strong,Medium,Low
295,23,Male,29,86,94,82,Higher,Yes,Yes,Medium,No,2.48331784163837,Positive,Average,Strong,Low,Medium
296,17,Female,12,92,41,74,Secondary,No,Yes,Low,No,2.1360746281833394,Negative,Good,Moderate,Low,Medium
297,21,Male,36,99,41,63,Primary,No,No,Low,No,2.6338082754412495,Neutral,Good,Strong,Medium,Low
298,22,Male,35,54,48,60,Secondary,No,Yes,High,No,2.5335890988676617,Positive,Poor,Moderate,Low,Low
299,17,Female,12,64,32,84,Secondary,No,Yes,Low,No,3.011851600292788,Neutral,Poor,Weak,Medium,Medium
300,17,Male,7,75,21,90,Primary,No,Yes,Medium,No,3.5554558201355864,Neutral,Poor,Weak,Low,Low
301,16,Male,29,50,48,63,Higher,No,Yes,Medium,Yes,3.716645877757716,Neutral,Good,Strong,Low,Low
302,23,Female,11,90,98,79,Primary,No,Yes,Low,No,3.689728170821017,Positive,Good,Strong,Low,Medium
303,16,Male,33,54,71,90,Secondary,Yes,Yes,Low,No,2.7193511224461355,Negative,Good,Strong,Low,Low
304,24,Male,6,43,46,53,Secondary,No,Yes,High,No,3.374468686921366,Positive,Poor,Moderate,Medium,Low
305,21,Female,15,60,69,53,Secondary,No,Yes,High,No,2.6256683950484403,Neutral,Average,Strong,High,Low
306,22,Female,32,52,98,77,Secondary,No,Yes,High,No,2.121811086470365,Neutral,Good,Strong,Low,Low
307,22,Male,11,61,42,57,Higher,No,Yes,High,No,3.4031305312058846,Negative,Average,Weak,Medium,Low
308,18,Female,23,58,63,51,Secondary,No,Yes,Medium,No,2.0196551051395755,Positive,Average,Strong,Medium,Low
309,17,Female,26,73,96,90,Secondary,Yes,Yes,High,No,2.818365174916977,Neutral,Average,Weak,Low,Medium
310,24,Female,34,53,41,95,Secondary,No,Yes,Medium,No,2.6587585386041512,Negative,Poor,Strong,High,Low
311,23,Female,34,43,62,71,Secondary,No,Yes,Medium,No,3.386755077037705,Neutral,Average,Weak,Low,Low
312,22,Other,29,87,56,90,Primary,No,No,High,No,3.532490945520758,Negative,Good,Strong,Medium,High
313,24,Female,4,92,80,65,Secondary,Yes,No,Low,No,2.6081892719425674,Negative,Poor,Weak,High,Low
314,19,Female,17,91,75,78,Higher,Yes,No,Medium,No,3.623254028889707,Positive,Good,Moderate,Medium,Medium
315,19,Female,35,85,22,98,Primary,Yes,Yes,Medium,No,2.5878335210098675,Neutral,Good,Weak,Low,High
316,16,Male,13,66,82,97,Secondary,No,Yes,Low,No,2.8926527199731225,Positive,Poor,Weak,High,Medium
317,23,Male,39,68,38,79,Higher,Yes,Yes,Low,No,3.4540370540282677,Neutral,Good,Weak,Medium,Medium
318,18,Female,15,86,42,61,Primary,No,Yes,High,No,3.385840458449577,Positive,Good,Strong,Medium,Low
319,22,Female,29,67,48,84,Secondary,No,Yes,High,No,3.9747369446244,Neutral,Poor,Strong,Medium,Medium
320,17,Female,29,74,49,60,Secondary,Yes,Yes,Medium,No,2.4503220484318637,Positive,Good,Strong,Low,Low
321,17,Male,11,47,58,95,Secondary,No,No,Low,No,3.324635827079165,Negative,Average,Moderate,High,Low
322,22,Female,32,55,44,99,Primary,No,Yes,Low,No,3.219363816551555,Neutral,Good,Moderate,Low,Low
323,21,Male,2,81,27,70,Primary,No,No,High,No,3.83019690898006,Neutral,Average,Weak,Low,Low
324,18,Male,14,75,77,70,Secondary,No,Yes,Medium,Yes,2.31272428328975,Negative,Good,Moderate,Low,Low
325,24,Female,20,69,35,54,Higher,No,Yes,Medium,No,3.5035963271738657,Positive,Poor,Weak,High,Low
326,21,Female,22,57,91,97,Secondary,No,Yes,Medium,No,3.1365372325375365,Neutral,Poor,Weak,Low,Low
327,21,Female,11,41,20,69,Secondary,No,Yes,Medium,No,2.549331739575811,Neutral,Good,Weak,Low,Low
328,16,Female,27,88,24,86,Primary,No,Yes,Medium,No,2.948869828294348,Positive,Poor,Moderate,Low,High
329,19,Male,3,52,22,52,Secondary,Yes,Yes,High,No,2.667553194139596,Negative,Good,Strong,Low,Low
330,21,Female,17,43,84,93,Primary,No,Yes,Medium,No,3.1586268055769215,Positive,Poor,Moderate,Medium,Low
331,21,Male,28,65,23,82,Higher,No,Yes,Medium,No,3.7780012216293315,Positive,Average,Weak,Low,Medium
332,20,Female,29,64,83,58,Higher,No,No,Medium,No,3.138609968824404,Positive,Good,Weak,Medium,Low
333,16,Female,21,69,29,58,Secondary,Yes,No,Medium,No,3.263444836653168,Neutral,Average,Moderate,Low,Low
334,23,Female,16,50,40,53,Higher,No,No,Medium,No,3.0374956942294187,Negative,Average,Weak,High,Low
335,20,Female,37,46,65,84,Primary,Yes,Yes,Low,No,2.102331012890952,Negative,Good,Weak,Medium,Low
336,20,Female,20,70,46,66,Secondary,No,Yes,Medium,No,2.4657171137521887,Positive,Average,Moderate,Medium,Low
337,22,Female,6,83,85,83,Secondary,No,Yes,Low,Yes,2.9840034588641657,Neutral,Good,Moderate,Medium,Low
338,19,Male,19,49,60,73,Higher,Yes,Yes,High,No,2.6204705674894093,Positive,Average,Moderate,Medium,Low
339,21,Male,5,78,32,81,Primary,No,Yes,Medium,No,2.3635271955223884,Neutral,Good,Weak,High,Low
340,19,Male,3,52,28,50,Secondary,No,Yes,High,No,3.0082656838368766,Neutral,Good,Weak,Low,Low
341,18,Male,1,70,55,57,Higher,No,Yes,Low,No,2.645619586895701,Neutral,Poor,Strong,Medium,Low
342,22,Female,38,46,77,94,Primary,Yes,Yes,Medium,No,2.5162152863468297,Neutral,Good,Strong,High,Low
343,23,Female,15,95,73,72,Secondary,Yes,Yes,Medium,Yes,2.9279708348807616,Negative,Good,Moderate,Medium,Medium
344,19,Male,34,88,31,96,Secondary,Yes,Yes,Medium,No,2.2665685161643463,Neutral,Average,Strong,Low,High
345,17,Male,35,81,97,89,Secondary,Yes,Yes,Medium,No,3.8554914661508146,Neutral,Good,Weak,Medium,High
346,18,Male,25,81,33,61,Primary,No,Yes,Medium,Yes,3.735404195838478,Positive,Poor,Strong,High,Low
347,16,Female,24,95,53,61,Primary,Yes,Yes,Medium,No,3.4152411714810706,Positive,Average,Weak,Low,Low
348,23,Female,12,75,72,95,Primary,No,Yes,Low,No,2.2124276551769126,Negative,Average,Moderate,High,Medium
349,18,Male,18,59,39,96,Higher,Yes,Yes,Low,No,3.551754508939386,Positive,Poor,Moderate,Low,Low
350,22,Female,15,43,94,64,Secondary,No,Yes,Medium,No,3.615914656218038,Neutral,Average,Weak,Low,Low
351,20,Female,16,93,35,90,Primary,No,Yes,Medium,No,3.535529235428675,Positive,Average,Strong,Low,High
352,20,Male,27,46,89,68,Secondary,No,Yes,Low,No,2.227931774238482,Negative,Average,Moderate,Medium,Low
353,22,Female,8,93,75,75,Secondary,Yes,Yes,Low,No,3.287815914135529,Positive,Average,Moderate,High,Low
354,24,Female,25,40,77,78,Primary,No,Yes,Low,No,3.668649591498797,Positive,Poor,Strong,High,Low
355,20,Male,17,83,23,71,Secondary,No,No,Medium,No,3.1547068024393354,Negative,Poor,Strong,High,Medium
356,16,Male,29,95,23,89,Secondary,Yes,Yes,Medium,No,3.292814750456178,Negative,Average,Weak,Low,High
357,16,Male,8,84,39,70,Secondary,Yes,Yes,High,No,2.916726958852612,Neutral,Average,Strong,Medium,Low
358,17,Male,15,81,29,87,Secondary,No,Yes,High,No,3.0574146397681052,Positive,Poor,Strong,Low,Medium
359,21,Female,27,86,43,69,Primary,No,Yes,Medium,No,2.0687537167034504,Neutral,Poor,Strong,High,Low
360,24,Female,7,98,45,78,Secondary,No,Yes,Low,Yes,3.277926043946569,Positive,Poor,Weak,Medium,Low
361,23,Male,3,52,56,53,Secondary,Yes,Yes,Low,No,2.1628944257823184,Positive,Average,Weak,Medium,Low
362,20,Male,29,94,73,56,Secondary,No,Yes,Low,No,2.870029188680447,Neutral,Average,Moderate,Medium,Low
363,16,Male,24,61,40,77,Secondary,No,Yes,High,No,2.5853101953348157,Positive,Good,Weak,High,Medium
364,22,Male,3,93,93,77,Secondary,No,Yes,Medium,No,3.090855900423426,Positive,Poor,Moderate,Medium,Low
365,20,Female,20,60,57,53,Higher,No,Yes,Low,No,2.266832671046414,Positive,Average,Strong,Medium,Low
366,21,Male,15,61,65,71,Secondary,No,No,Medium,No,3.3832868039466364,Negative,Poor,Moderate,Low,Medium
367,22,Male,25,67,23,61,Secondary,No,Yes,Medium,Yes,3.5900230738569405,Neutral,Average,Moderate,Low,Low
368,18,Male,30,48,79,94,Higher,Yes,No,Medium,No,2.326708899486313,Negative,Poor,Strong,Medium,Low
369,18,Female,14,65,76,52,Secondary,No,Yes,Low,No,2.208626174703764,Neutral,Average,Moderate,Medium,Low
370,20,Male,7,48,64,71,Primary,Yes,No,High,No,2.291030965574718,Neutral,Good,Weak,Low,Low
371,21,Female,17,54,39,93,Primary,No,No,Medium,No,3.7542551237970034,Positive,Good,Weak,Low,Low
372,24,Male,20,49,36,51,Primary,No,Yes,Low,No,3.0563785235127123,Neutral,Poor,Weak,Low,Low
373,20,Female,36,63,90,73,Higher,No,Yes,High,No,2.9345219920150054,Negative,Average,Weak,High,Medium
374,16,Female,9,97,23,83,Secondary,Yes,Yes,Low,No,2.2134236382047083,Negative,Average,Moderate,High,Low
375,19,Male,38,96,33,76,Higher,No,Yes,High,No,3.2991120135139234,Negative,Poor,Moderate,Low,Medium
376,20,Male,22,81,22,90,Secondary,No,Yes,High,No,3.73599918379018,Neutral,Average,Strong,Medium,High
377,20,Female,2,47,99,50,Secondary,Yes,Yes,Medium,No,3.656371738646906,Negative,Poor,Moderate,Low,Low
378,22,Female,24,63,77,57,Primary,Yes,Yes,Medium,No,3.2521094179616026,Neutral,Average,Moderate,High,Low
379,19,Male,8,55,74,72,Secondary,Yes,Yes,Medium,No,2.150557433303347,Negative,Poor,Moderate,Medium,Low
380,16,Female,11,88,23,87,Secondary,Yes,No,High,No,2.224794054352026,Negative,Average,Strong,High,Medium
381,20,Female,13,65,43,55,Higher,Yes,Yes,Medium,No,2.0986179742196494,Neutral,Poor,Weak,Medium,Low
382,22,Female,17,66,53,71,Primary,Yes,Yes,Medium,No,2.5149584329849386,Negative,Average,Moderate,High,Medium
383,21,Male,8,76,49,74,Secondary,Yes,Yes,High,No,2.2713229343207555,Positive,Good,Strong,Medium,Low
384,20,Female,21,43,38,67,Secondary,No,No,High,No,2.5200960805048678,Neutral,Average,Strong,Medium,Low
385,19,Male,18,89,50,66,Secondary,No,Yes,High,Yes,2.7701161114379236,Neutral,Poor,Strong,Medium,Low
386,17,Female,30,63,79,61,Secondary,No,Yes,Medium,No,3.8859655681422716,Neutral,Good,Weak,Medium,Low
387,19,Male,18,58,79,55,Secondary,No,Yes,High,No,3.220752119563384,Positive,Average,Moderate,High,Low
388,18,Male,31,75,38,75,Primary,No,Yes,Medium,No,3.669947571365925,Neutral,Good,Strong,High,Medium
389,16,Male,38,99,68,76,Secondary,No,Yes,High,No,3.4207030014246644,Negative,Average,Weak,Medium,Medium
390,23,Female,32,78,82,57,Secondary,No,No,Medium,No,2.2250062610532635,Negative,Good,Strong,Medium,Low
391,20,Male,11,49,41,68,Higher,No,Yes,Medium,No,3.4718408127478977,Negative,Poor,Strong,High,Low
392,19,Male,25,64,43,91,Higher,No,Yes,Medium,No,2.550197763118249,Neutral,Average,Strong,Medium,Medium
393,23,Male,33,57,95,50,Secondary,Yes,No,Medium,No,3.278215693989413,Negative,Average,Strong,Medium,Low
394,22,Female,38,58,49,78,Primary,Yes,Yes,Medium,No,2.681923947285977,Neutral,Poor,Strong,Medium,Low
395,17,Other,8,75,77,94,Higher,No,Yes,Medium,No,3.995344526529318,Negative,Good,Weak,Low,Low
396,16,Male,11,49,50,98,Secondary,No,No,Medium,Yes,2.527102958993556,Positive,Poor,Moderate,Medium,Low
397,19,Female,22,72,83,84,Higher,Yes,Yes,Medium,No,2.5582609415485393,Positive,Poor,Moderate,Low,Medium
398,23,Female,24,94,38,89,Primary,No,Yes,High,No,3.8613445111247966,Positive,Good,Moderate,Medium,High
399,17,Female,17,89,67,63,Secondary,No,Yes,Medium,No,2.049288809272645,Positive,Poor,Moderate,High,Low
400,18,Male,12,44,64,84,Higher,No,Yes,Low,No,3.393377975746394,Neutral,Average,Weak,Low,Low
401,16,Male,32,86,74,97,Higher,No,Yes,Low,No,3.4506527814717565,Negative,Average,Weak,Low,High
402,16,Male,15,88,74,94,Secondary,No,Yes,Low,No,3.6727571548207987,Positive,Average,Weak,Medium,Medium
403,18,Male,16,74,37,69,Secondary,No,Yes,Medium,No,3.9488786212769504,Neutral,Poor,Strong,Medium,Low
404,20,Male,22,83,82,98,Secondary,No,No,Low,Yes,3.9512038383133046,Positive,Average,Strong,Low,High
405,18,Female,28,73,66,62,Primary,Yes,Yes,Low,No,2.130553515132928,Positive,Average,Strong,High,Low
406,16,Male,20,72,94,87,Secondary,No,No,High,Yes,3.643678645505805,Neutral,Average,Moderate,High,Medium
407,16,Male,33,94,76,98,Secondary,No,No,High,No,3.2926198673147624,Neutral,Average,Strong,Medium,High
408,23,Female,10,60,64,95,Higher,No,Yes,Medium,No,3.2946842687461824,Negative,Average,Moderate,High,Low
409,17,Male,32,56,52,98,Secondary,No,Yes,High,No,2.2566998532293896,Negative,Average,Strong,High,Low
410,18,Female,33,61,36,57,Primary,No,Yes,Low,No,3.3003743328913067,Positive,Poor,Moderate,Medium,Low
411,17,Female,2,87,89,92,Primary,No,Yes,Medium,No,3.9649651612024956,Positive,Average,Strong,High,Low
412,18,Male,33,76,23,69,Secondary,No,No,Medium,No,3.823637139078894,Negative,Average,Strong,Medium,Low
413,22,Female,33,54,39,82,Secondary,No,Yes,Medium,No,2.878261321609701,Negative,Good,Weak,Low,Low
414,16,Female,13,74,66,75,Secondary,No,Yes,Medium,No,2.0798959465721887,Neutral,Poor,Strong,Medium,Medium
415,23,Female,30,67,34,88,Secondary,No,Yes,Medium,No,2.7245869800004097,Negative,Poor,Strong,Low,Medium
416,17,Female,33,46,89,70,Higher,Yes,Yes,Medium,No,3.65278062320111,Negative,Poor,Weak,Low,Low
417,18,Female,13,71,66,98,Higher,No,Yes,Medium,No,3.4029982029303323,Positive,Poor,Moderate,High,Medium
418,24,Female,26,50,97,91,Secondary,No,Yes,Low,No,2.918687311187913,Negative,Average,Weak,High,Low
419,22,Male,22,49,94,92,Higher,No,Yes,Low,No,2.110203070317662,Positive,Average,Weak,High,Low
420,19,Male,39,48,28,90,Secondary,No,Yes,Low,No,2.8537894556466052,Negative,Good,Moderate,Medium,Low
421,20,Male,2,53,35,58,Secondary,No,Yes,Low,Yes,2.9380498794357672,Neutral,Good,Strong,High,Low
422,17,Female,38,52,88,73,Primary,No,Yes,Medium,No,3.857111065788272,Negative,Poor,Moderate,Low,Low
423,23,Male,39,96,80,86,Secondary,No,Yes,Low,Yes,3.2821722071643187,Negative,Good,Strong,High,High
424,19,Female,26,64,29,98,Secondary,Yes,No,High,No,2.623305833309298,Negative,Good,Strong,High,Medium
425,24,Female,15,41,69,90,Higher,Yes,Yes,Low,No,3.0506365289014425,Positive,Poor,Moderate,Medium,Low
426,20,Female,34,74,22,66,Secondary,Yes,Yes,Low,No,2.1321106156443204,Neutral,Poor,Weak,Medium,Low
427,24,Other,11,46,96,73,Higher,No,Yes,Medium,No,3.945136471299474,Negative,Good,Moderate,Low,Low
428,19,Female,3,60,89,70,Secondary,No,Yes,Low,No,2.720119803861452,Positive,Average,Strong,Medium,Low
429,20,Female,6,57,70,88,Primary,No,No,Medium,No,2.9557347098262716,Neutral,Good,Moderate,High,Low
430,24,Male,9,42,38,90,Higher,No,Yes,Medium,Yes,2.7105679484738454,Positive,Good,Moderate,Medium,Low
431,23,Female,6,81,61,88,Secondary,No,Yes,Low,No,3.3650234602324005,Positive,Average,Strong,Low,Low
432,18,Male,9,93,54,62,Secondary,Yes,Yes,Low,No,3.324464316659186,Neutral,Average,Weak,High,Low
433,16,Male,39,78,65,60,Secondary,No,Yes,Medium,No,3.4306446210582715,Negative,Poor,Moderate,Low,Low
434,18,Female,31,80,45,95,Primary,No,Yes,Low,No,2.5362864592238417,Positive,Poor,Strong,Medium,Medium
435,19,Female,32,88,88,68,Secondary,Yes,Yes,Low,No,2.631336962328132,Positive,Good,Strong,Medium,Low
436,17,Male,12,50,83,60,Secondary,Yes,Yes,Low,No,2.250502462192416,Negative,Average,Moderate,Low,Low
437,16,Female,8,78,56,62,Secondary,Yes,Yes,Low,No,3.311019943692225,Negative,Poor,Weak,High,Low
438,22,Female,8,63,68,95,Higher,Yes,Yes,Medium,No,2.079594254671305,Neutral,Good,Moderate,Medium,Low
439,23,Female,28,99,40,94,Secondary,No,No,Medium,No,3.195364671046918,Neutral,Average,Weak,Medium,High
440,22,Female,20,85,93,50,Primary,Yes,Yes,Medium,No,3.7393917697032677,Neutral,Good,Weak,High,Low
441,20,Female,7,58,83,89,Secondary,No,Yes,Low,No,3.781664296579267,Negative,Poor,Weak,Medium,Low
442,16,Other,11,43,24,93,Higher,No,Yes,Low,No,2.8980755207399236,Positive,Poor,Weak,Low,Low
443,22,Female,20,65,89,68,Primary,No,No,High,No,2.9186073764261478,Positive,Average,Moderate,Medium,Low
444,22,Female,16,77,23,61,Primary,No,Yes,Medium,No,2.1539383660160345,Neutral,Good,Strong,Medium,Low
445,24,Other,4,81,58,57,Primary,No,No,High,No,3.3415300508860715,Negative,Average,Strong,High,Low
446,18,Female,6,71,54,57,Primary,No,Yes,Medium,No,3.6425188407456908,Positive,Poor,Strong,Low,Low
447,24,Male,22,78,20,94,Higher,No,Yes,Medium,No,2.489310109209426,Neutral,Poor,Strong,High,Medium
448,16,Male,26,84,43,61,Secondary,Yes,Yes,Medium,No,2.842601763266729,Positive,Good,Strong,Medium,Low
449,16,Male,3,85,76,97,Secondary,No,Yes,Medium,Yes,3.677678673530541,Positive,Good,Strong,Medium,Low
450,19,Male,14,75,89,82,Secondary,Yes,Yes,Medium,No,3.7542409353245763,Negative,Good,Moderate,High,Medium
451,24,Female,11,79,60,94,Secondary,No,Yes,Medium,Yes,2.4863599605284517,Negative,Average,Weak,High,Medium
452,21,Female,18,76,73,75,Higher,Yes,Yes,Low,No,3.1011412690827287,Positive,Good,Strong,High,Medium
453,18,Female,12,72,65,88,Higher,No,Yes,Medium,No,2.3849863012716543,Neutral,Good,Moderate,Low,Medium
454,16,Male,23,75,79,77,Secondary,No,Yes,Medium,No,2.2037575282791133,Negative,Poor,Strong,Medium,Medium
455,19,Female,12,42,79,54,Higher,No,Yes,High,No,3.8222410027839153,Positive,Poor,Strong,High,Low
456,24,Female,13,48,76,57,Secondary,Yes,Yes,Medium,No,3.641015008464218,Negative,Good,Weak,Medium,Low
457,18,Female,25,47,50,74,Secondary,Yes,Yes,Medium,No,3.520069803606348,Negative,Good,Weak,Low,Low
458,24,Female,19,72,43,76,Primary,Yes,Yes,Low,No,2.097532637626281,Negative,Poor,Weak,Low,Medium
459,22,Female,36,98,55,95,Secondary,Yes,Yes,Medium,No,3.687457585420515,Positive,Good,Strong,Low,High
460,19,Male,8,45,49,72,Secondary,No,No,Medium,No,2.8760881518107677,Neutral,Average,Strong,Low,Low
461,18,Female,29,80,43,79,Higher,Yes,Yes,High,No,2.684790246591719,Neutral,Average,Strong,Medium,Medium
462,20,Male,32,78,49,94,Secondary,No,Yes,Medium,No,3.092952722050753,Neutral,Average,Weak,Low,Medium
463,20,Male,18,43,26,96,Higher,No,Yes,Medium,No,2.1827064854471114,Negative,Good,Moderate,Low,Low
464,18,Female,6,52,54,72,Secondary,Yes,No,Medium,Yes,3.5132930987047977,Positive,Poor,Strong,High,Low
465,24,Male,18,88,74,98,Higher,No,Yes,High,No,3.164870153776592,Negative,Good,Strong,Low,High
466,19,Female,19,99,33,96,Secondary,Yes,Yes,Medium,No,2.373180193746335,Neutral,Good,Strong,High,High
467,20,Male,22,41,29,69,Secondary,Yes,No,Medium,No,2.376464399538091,Neutral,Poor,Moderate,Low,Low
468,19,Female,37,99,99,67,Secondary,Yes,Yes,High,No,2.3684973031453485,Positive,Poor,Strong,Low,Low
469,20,Male,32,44,35,67,Higher,No,Yes,Low,No,2.1140047751038678,Negative,Poor,Moderate,High,Low
470,22,Other,3,83,73,51,Primary,No,Yes,High,No,3.1755968987433696,Neutral,Average,Strong,Low,Low
471,24,Female,28,66,96,53,Higher,No,Yes,Low,No,3.680696355177016,Positive,Good,Moderate,Medium,Low
472,22,Male,10,71,89,79,Primary,No,Yes,Medium,No,2.034996427974777,Negative,Poor,Strong,Medium,Low
473,20,Female,35,60,63,82,Secondary,Yes,No,Medium,No,2.098009289942547,Negative,Good,Weak,Low,Low
474,22,Other,29,47,92,85,Higher,No,Yes,Medium,No,3.1455405533738916,Neutral,Average,Weak,Medium,Low
475,20,Male,15,77,64,67,Primary,No,No,High,No,3.6389913707721044,Neutral,Average,Weak,High,Low
476,18,Male,33,47,75,86,Primary,Yes,Yes,Low,No,2.6534777811372674,Negative,Poor,Weak,Low,Low
477,22,Female,7,89,76,68,Secondary,Yes,Yes,Low,No,2.6992287976154445,Negative,Poor,Strong,Low,Low
478,17,Female,12,42,40,96,Higher,No,Yes,Medium,No,3.1926929949935516,Neutral,Good,Weak,High,Low
479,24,Female,30,93,87,77,Primary,Yes,Yes,Medium,No,2.548425778248294,Negative,Poor,Moderate,High,Medium
480,16,Female,21,83,69,89,Higher,No,Yes,Medium,No,2.0532167321553683,Neutral,Good,Weak,High,High
481,21,Male,31,97,52,69,Primary,Yes,Yes,Low,No,3.470457036203192,Negative,Poor,Weak,Low,Low
482,22,Male,24,42,26,98,Higher,Yes,Yes,Low,No,3.2512998258829064,Neutral,Good,Weak,High,Low
483,23,Female,20,61,89,82,Higher,Yes,Yes,Low,No,3.161511998111318,Positive,Good,Strong,High,Medium
484,24,Male,37,45,34,61,Secondary,Yes,Yes,Low,No,3.4833682579836465,Neutral,Good,Weak,Medium,Low
485,17,Male,4,41,51,64,Secondary,No,Yes,Medium,No,3.350461675124075,Neutral,Good,Moderate,Medium,Low
486,17,Female,28,62,94,90,Secondary,No,Yes,Medium,No,2.4117639763566423,Positive,Average,Weak,Low,Medium
487,20,Female,20,83,39,88,Secondary,No,Yes,High,No,2.704962093886702,Negative,Good,Weak,Medium,High
488,20,Female,24,41,34,51,Primary,No,Yes,High,No,2.25222028335725,Positive,Poor,Weak,Medium,Low
489,21,Female,32,77,67,78,Primary,No,No,Low,No,2.259714026835762,Neutral,Average,Moderate,High,Medium
490,18,Female,36,56,90,90,Primary,No,Yes,Medium,No,3.3523914927130782,Negative,Average,Weak,High,Low
491,23,Female,34,74,40,59,Secondary,Yes,Yes,Low,No,3.7172002139649964,Positive,Good,Moderate,Medium,Low
492,16,Female,36,73,61,51,Primary,No,Yes,Low,No,3.925465167722278,Negative,Average,Moderate,Medium,Low
493,21,Male,2,62,45,60,Secondary,No,Yes,Medium,No,3.256694235098889,Negative,Good,Weak,Medium,Low
494,19,Male,15,69,33,62,Higher,Yes,Yes,Low,No,2.368202646721914,Positive,Poor,Moderate,Low,Low
495,16,Female,34,91,76,59,Secondary,No,No,Low,No,2.211300690897861,Negative,Good,Strong,Low,Low
496,22,Female,36,47,56,63,Secondary,Yes,No,High,No,3.6257019430735156,Positive,Average,Weak,Low,Low
497,24,Male,6,61,77,67,Secondary,No,Yes,Medium,No,3.1575129527199985,Neutral,Poor,Weak,Medium,Low
498,19,Male,39,83,40,58,Higher,No,Yes,Medium,No,3.2365700420274397,Negative,Good,Moderate,Medium,Low
499,19,Male,12,97,88,88,Higher,No,Yes,Low,No,3.5629241775094185,Neutral,Poor,Moderate,Low,Medium
500,21,Male,3,75,22,77,Higher,No,Yes,Low,No,3.406554455464903,Neutral,Poor,Weak,Low,Low
